pico_physical_pin,pico_function,socket,socket_pin,carrier_net
1,GP0,J1,1,GP0
2,GP1,J1,2,GP1
3,GND,J1,3,GND
4,GP2,J1,4,GP2
5,GP3,J1,5,GP3
6,GP4,J1,6,GP4
7,GP5,J1,7,GP5
8,GND,J1,8,GND
9,GP6,J1,9,GP6
10,GP7,J1,10,GP7
11,GP8,J1,11,GP8
12,GP9,J1,12,GP9
13,GND,J1,13,GND
14,GP10,J1,14,GP10
15,GP11,J1,15,GP11
16,GP12,J1,16,GP12
17,GP13,J1,17,GP13
18,GND,J1,18,GND
19,GP14,J1,19,GP14
20,GP15,J1,20,GP15
21,GP16,J2,1,GP16
22,GP17,J2,2,GP17
23,GND,J2,3,GND
24,GP18,J2,4,GP18
25,GP19,J2,5,GP19
26,GP20,J2,6,GP20
27,GP21,J2,7,GP21
28,GND,J2,8,GND
29,GP22,J2,9,GP22
30,RUN,J2,10,NC
31,GP26,J2,11,GP26
32,GP27,J2,12,GP27
33,AGND,J2,13,GND
34,GP28,J2,14,GP28
35,ADC_VREF,J2,15,NC
36,3V3(OUT),J2,16,3V3_OUT
37,3V3_EN,J2,17,NC
38,GND,J2,18,GND
39,VSYS,J2,19,VSYS
40,VBUS,J2,20,VBUS_USB
