Ref,Val,Package,PosX,PosY,Rot,Side
"H1","JST PH battery","JST_PH_B2B-PH-K_1x02_P2.00mm_Vertical",229.000000,100.000000,0.000000,bottom
"C1","100n","KEMET_C0603_1608_LevelB",76.460000,45.000000,0.000000,top
"C2","100n","KEMET_C0603_1608_LevelB",110.460000,45.000000,0.000000,top
"C3","100n","KEMET_C0603_1608_LevelB",144.460000,45.000000,0.000000,top
"C4","100n","KEMET_C0603_1608_LevelB",178.460000,45.000000,0.000000,top
"C5","100n","KEMET_C0603_1608_LevelB",212.460000,45.000000,0.000000,top
"C6","100n","KEMET_C0603_1608_LevelB",246.460000,45.000000,0.000000,top
"C7","100n","KEMET_C0603_1608_LevelB",280.460000,45.000000,0.000000,top
"C8","100n","KEMET_C0603_1608_LevelB",314.460000,45.000000,0.000000,top
"C9","100n","KEMET_C0603_1608_LevelB",30.460000,85.000000,0.000000,top
"C10","100n","KEMET_C0603_1608_LevelB",30.460000,45.000000,0.000000,top
"C11","100n","KEMET_C0603_1608_LevelB",67.460000,71.000000,0.000000,top
"C12","100n","KEMET_C0603_1608_LevelB",105.460000,71.000000,0.000000,top
"C13","4u7 / 25V","C_0805_2012Metric",218.800000,68.500000,180.000000,top
"C14","4u7 / 25V","C_0805_2012Metric",221.200000,59.500000,0.000000,top
"C15","10n / 50V","C_0603_1608Metric",227.000000,62.000000,0.000000,top
"C16","4u7 / 25V","C_0805_2012Metric",219.000000,53.000000,180.000000,top
"D2","SS14-E3/61T","Vishay_SS14_SMA_K1_A2",226.000000,56.500000,0.000000,top
"D3","SMAJ5.0CA","Littelfuse_SMAJ5-0CA_DO-214AC",228.000000,68.500000,0.000000,top
"F1","1.25A T","Schurter_UMT-H_3403-0275-23",230.000000,90.000000,0.000000,top
"J1","LEFT / Pico 1-20","Samtec_SSQ-120-01-G-S_1x20_P2.54mm",111.110000,118.700000,0.000000,top
"J2","RIGHT / Pico 21-40","Samtec_SSQ-120-01-G-S_1x20_P2.54mm",128.890000,70.440000,180.000000,top
"J3","C4 / GP16","Harwin_M20-9990346_1x3_P2.54mm",67.460000,45.000000,90.000000,top
"J4","D4 / GP17","Harwin_M20-9990346_1x3_P2.54mm",101.460000,45.000000,90.000000,top
"J5","E4 / GP18","Harwin_M20-9990346_1x3_P2.54mm",135.460000,45.000000,90.000000,top
"J6","F4 / GP19","Harwin_M20-9990346_1x3_P2.54mm",169.460000,45.000000,90.000000,top
"J7","G4 / GP20","Harwin_M20-9990346_1x3_P2.54mm",203.460000,45.000000,90.000000,top
"J8","A4 / GP21","Harwin_M20-9990346_1x3_P2.54mm",237.460000,45.000000,90.000000,top
"J9","B4 / GP22","Harwin_M20-9990346_1x3_P2.54mm",271.460000,45.000000,90.000000,top
"J10","C5 / GP26","Harwin_M20-9990346_1x3_P2.54mm",305.460000,45.000000,90.000000,top
"J11","Semitone up / GP27","Harwin_M20-9990346_1x3_P2.54mm",21.460000,85.000000,90.000000,top
"J12","Octave up / GP28","Harwin_M20-9990346_1x3_P2.54mm",21.460000,45.000000,90.000000,top
"J13","Buzzer 1 / PWM / GP13","Harwin_M20-9990346_1x3_P2.54mm",58.460000,71.000000,90.000000,top
"J14","Buzzer 2 / PWM / GP12","Harwin_M20-9990346_1x3_P2.54mm",96.460000,71.000000,90.000000,top
"J15","GPIO / Harwin 16-way","Harwin_M20-9991646_1x16_P2.54mm",50.000000,108.000000,0.000000,top
"R1","10k","R_0603_1608Metric",59.000000,77.000000,0.000000,top
"R2","10k","R_0603_1608Metric",97.000000,77.000000,0.000000,top
"R3","649k","R_0603_1608Metric",215.000000,67.000000,0.000000,top
"R4","332k","R_0603_1608Metric",215.000000,65.000000,180.000000,top
"R5","1.05M","R_0603_1608Metric",215.000000,61.500000,0.000000,top
"R6","332k","R_0603_1608Metric",215.000000,59.500000,180.000000,top
"R7","3.32k","R_0603_1608Metric",224.000000,65.700000,0.000000,top
"R8","100","R_0603_1608Metric",224.000000,62.000000,0.000000,top
"S1","MN12SS1W03","NKK_MN12SS1W03_TerminalPattern_Candidate",250.000000,65.000000,0.000000,top
"U2","TPS259474LRPWR","TI_RPW0010A_TPS259474_2x2mm",220.000000,64.000000,0.000000,top
