Designator,X,Y,Rotation,Side
C1,96.460000,-95.000000,0.000000,top
C2,130.460000,-95.000000,0.000000,top
C3,164.460000,-95.000000,0.000000,top
C4,198.460000,-95.000000,0.000000,top
C5,232.460000,-95.000000,0.000000,top
C6,266.460000,-95.000000,0.000000,top
C7,300.460000,-95.000000,0.000000,top
C8,334.460000,-95.000000,0.000000,top
C9,50.460000,-55.000000,0.000000,top
C10,50.460000,-95.000000,0.000000,top
C11,87.460000,-69.000000,0.000000,top
C12,125.460000,-69.000000,0.000000,top
C13,238.800000,-71.500000,180.000000,top
C14,241.200000,-80.500000,0.000000,top
C15,247.000000,-78.000000,0.000000,top
C16,239.000000,-87.000000,180.000000,top
C17,87.460000,-65.500000,0.000000,top
C18,125.460000,-65.500000,0.000000,top
D2,246.000000,-83.500000,0.000000,top
D3,248.000000,-71.500000,0.000000,top
F1,250.000000,-50.000000,0.000000,top
R1,79.000000,-63.000000,0.000000,top
R2,117.000000,-63.000000,0.000000,top
R3,235.000000,-73.000000,0.000000,top
R4,235.000000,-75.000000,180.000000,top
R5,235.000000,-78.500000,0.000000,top
R6,235.000000,-80.500000,180.000000,top
R7,244.000000,-74.300000,0.000000,top
R8,244.000000,-78.000000,0.000000,top
U2,240.000000,-76.000000,0.000000,top
