Reference Designator,Quantity Per Board,Quantity For Five,Manufacturer,Manufacturer Part Number,Description,Package/Footprint,Type,Side
"C1,C2,C3,C4,C5,C6,C7,C8,C9,C10,C11,C12",12,60,KEMET,C0603C104K5RACTU,100n,MakeMusicCarrier:KEMET_C0603_1608_LevelB,SMT,Top
"C13,C14,C16",3,15,TDK,C2012X7R1E475K125AB,4u7 / 25V,Capacitor_SMD:C_0805_2012Metric,SMT,Top
C15,1,5,TDK,C1608C0G1H103J080AA,10n / 50V,Capacitor_SMD:C_0603_1608Metric,SMT,Top
"C17,C18",2,10,TDK,C2012X7R1A106K125AC,10u / 10V,Capacitor_SMD:C_0805_2012Metric,SMT,Top
D2,1,5,Vishay,SS14-E3/61T,SS14-E3/61T,MakeMusicCarrier:Vishay_SS14_SMA_K1_A2,SMT,Top
D3,1,5,Littelfuse,SMAJ5.0CA,SMAJ5.0CA,MakeMusicPower:Littelfuse_SMAJ5-0CA_DO-214AC,SMT,Top
F1,1,5,SCHURTER,3403.0275.23,1.25A T,MakeMusicPower:Schurter_UMT-H_3403-0275-23,SMT,Top
H1,1,5,JST,B2B-PH-K-S(LF)(SN),JST PH battery,Connector_JST:JST_PH_B2B-PH-K_1x02_P2.00mm_Vertical,THT,Bottom
"J1,J2",2,10,Samtec,SSQ-120-01-G-S,LEFT / Pico 1-20,MakeMusic:Samtec_SSQ-120-01-G-S_1x20_P2.54mm,THT,Top
"J3,J4,J5,J6,J7,J8,J9,J10,J11,J12,J13,J14",12,60,Harwin,M20-9990346,C4 / GP16,MakeMusicCarrier:Harwin_M20-9990346_1x3_P2.54mm,THT,Top
J15,1,5,Harwin,M20-9991646,GPIO / Harwin 16-way,MakeMusicCarrier:Harwin_M20-9991646_1x16_P2.54mm,THT,Top
"R1,R2",2,10,Yageo,RC0603FR-0710KL,10k,Resistor_SMD:R_0603_1608Metric,SMT,Top
R3,1,5,Yageo,RC0603FR-07649KL,649k,Resistor_SMD:R_0603_1608Metric,SMT,Top
"R4,R6",2,10,Yageo,RC0603FR-07332KL,332k,Resistor_SMD:R_0603_1608Metric,SMT,Top
R5,1,5,Yageo,RC0603FR-071M05L,1.05M,Resistor_SMD:R_0603_1608Metric,SMT,Top
R7,1,5,Yageo,RC0603FR-073K32L,3.32k,Resistor_SMD:R_0603_1608Metric,SMT,Top
R8,1,5,Yageo,RC0603FR-07100RL,100,Resistor_SMD:R_0603_1608Metric,SMT,Top
S1,1,5,NKK,MN12SS1W03,MN12SS1W03,MakeMusicCarrier:NKK_MN12SS1W03_TerminalPattern_Candidate,THT,Top
U2,1,5,Texas Instruments,TPS259474LRPWR,TPS259474LRPWR,MakeMusicPower:TI_RPW0010A_TPS259474_2x2mm,SMT,Top
