item,coordinate_frame,x_mm,y_mm,width_mm,depth_mm,z_min_mm,z_max_mm,status
cassette_outer_min,mechanical_top_view,145,12,112,36,0,44,engineering_proposal_not_machining_release
BATTERY_CASSETTE_18650_REVIEW,native_KiCad,165,32,112,36,0,44,mechanical_reservation_not_blanket_copper_keepout
holder_body_nominal_min,mechanical_top_view,162.15,19.55,77.70,20.90,16,37.31,primary_MPD_rev_G_body_not_fitted_cell
holder_body_tolerance_min,mechanical_top_view,161.90,19.30,78.20,21.40,16,37.81,body_only_maxima_fitted_stack_pending
BH18650W_BODY_MAX_REVIEW,native_KiCad,181.90,39.30,78.20,21.40,16,37.81,body_only_mechanical_reservation_actual_fitted_stack_pending
holder_wire_retainer_region_min,mechanical_top_view,154,17,94,26,14,40,planning_allowance_actual_bend_pending
carrier_mount_1_retained,mechanical_top_view,150,17,3.2,3.2,,,existing_NPTH_keepout_diameter_8
carrier_mount_2_retained,mechanical_top_view,210,17,3.2,3.2,,,existing_NPTH_keepout_diameter_8
carrier_mount_3_retained,mechanical_top_view,150,43,3.2,3.2,,,existing_NPTH_keepout_diameter_8
carrier_mount_4_retained,mechanical_top_view,210,43,3.2,3.2,,,existing_NPTH_keepout_diameter_8
holder_platform_hole_1,mechanical_top_view,172.83,30,3.2,3.2,14,16,cassette_only_verify_actual_view_fastener_before_drilling
holder_platform_hole_2,mechanical_top_view,228.44,30,3.2,3.2,14,16,cassette_only_verify_actual_view_fastener_before_drilling
H1_pad1_current,mechanical_top_view,229,20,,,,,PM_handoff_current_not_new_readback
H1_pad1_proposed,mechanical_top_view,269,20,,,,,PM_native_move_required_delta_x_40
H1_pad1_proposed_native,native_KiCad,289,40,,,,,retain_bottom_side_rotation_nets
H1_access_proposed_min,mechanical_top_view,265,15,10,12,,,planning_plug_bend_service_envelope
backplate,down_from_carrier_underside,,,,,3,5,2_mm_insulating_plate
holder_platform,down_from_carrier_underside,,,,,14,16,2_mm_insulating_platform
fitted_envelope_limit,down_from_carrier_underside,,,,,16,40,include_tolerance_loaded_deflection_wire_and_fasteners
door,down_from_carrier_underside,,,,,42,44,engineering_proposal
support_surface_min,down_from_carrier_underside,,,,,47,47,loaded_clearance_actual_stack_pending
