socket,socket_pad,pico_physical_pin,pico_function,carrier_net,x_mm,y_mm,footprint_rotation_deg
J1,1,1,GP0,GP0,111.11,1.30,0
J1,2,2,GP1,GP1,111.11,3.84,0
J1,3,3,GND,GND,111.11,6.38,0
J1,4,4,GP2,GP2,111.11,8.92,0
J1,5,5,GP3,GP3,111.11,11.46,0
J1,6,6,GP4,GP4,111.11,14.00,0
J1,7,7,GP5,GP5,111.11,16.54,0
J1,8,8,GND,GND,111.11,19.08,0
J1,9,9,GP6,GP6,111.11,21.62,0
J1,10,10,GP7,GP7,111.11,24.16,0
J1,11,11,GP8,GP8,111.11,26.70,0
J1,12,12,GP9,GP9,111.11,29.24,0
J1,13,13,GND,GND,111.11,31.78,0
J1,14,14,GP10,GP10,111.11,34.32,0
J1,15,15,GP11,GP11,111.11,36.86,0
J1,16,16,GP12,GP12,111.11,39.40,0
J1,17,17,GP13,GP13,111.11,41.94,0
J1,18,18,GND,GND,111.11,44.48,0
J1,19,19,GP14,GP14,111.11,47.02,0
J1,20,20,GP15,GP15,111.11,49.56,0
J2,1,21,GP16,GP16,128.89,49.56,180
J2,2,22,GP17,GP17,128.89,47.02,180
J2,3,23,GND,GND,128.89,44.48,180
J2,4,24,GP18,GP18,128.89,41.94,180
J2,5,25,GP19,GP19,128.89,39.40,180
J2,6,26,GP20,GP20,128.89,36.86,180
J2,7,27,GP21,GP21,128.89,34.32,180
J2,8,28,GND,GND,128.89,31.78,180
J2,9,29,GP22,GP22,128.89,29.24,180
J2,10,30,RUN,NC,128.89,26.70,180
J2,11,31,GP26,GP26,128.89,24.16,180
J2,12,32,GP27,GP27,128.89,21.62,180
J2,13,33,AGND,GND,128.89,19.08,180
J2,14,34,GP28,GP28,128.89,16.54,180
J2,15,35,ADC_VREF,NC,128.89,14.00,180
J2,16,36,3V3(OUT),3V3_OUT,128.89,11.46,180
J2,17,37,3V3_EN,NC,128.89,8.92,180
J2,18,38,GND,GND,128.89,6.38,180
J2,19,39,VSYS,VSYS,128.89,3.84,180
J2,20,40,VBUS,VBUS_USB,128.89,1.30,180
