reference,pin,carrier_net
H1,1,BAT_PROT_PLUS
H1,2,GND
F1,1,BAT_PROT_PLUS
F1,2,BAT_FUSED_PLUS
S1,1,NC
S1,2,BAT_FUSED_PLUS
S1,3,BAT_SW_PLUS
U2,1,EN_UVLO
U2,2,OVLO
U2,3,NC
U2,4,GND
U2,5,BAT_SW_PLUS
U2,6,VSYS
U2,7,DVDT
U2,8,GND
U2,9,ILM
U2,10,NC
R1,1,BAT_SW_PLUS
R1,2,EN_UVLO
R2,1,EN_UVLO
R2,2,GND
R3,1,BAT_SW_PLUS
R3,2,OVLO
R4,1,OVLO
R4,2,GND
R5,1,ILM
R5,2,GND
R6,1,DVDT
R6,2,DVDT_CAP
C1,1,BAT_SW_PLUS
C1,2,GND
C2,1,VSYS
C2,2,GND
C4,1,VSYS
C4,2,GND
C3,1,DVDT_CAP
C3,2,GND
D2,1,VSYS
D2,2,GND
D3,1,BAT_SW_PLUS
D3,2,GND
